{
 "Franklin": {
  "City": "Franklin",
  "State": "ID",
  "High": 64,
  "Low": 41,
  "Temp": 40,
  "Precip": 0,
  "Wind": "5",
  "Direction": "SW",
  "Gusts": "10-12",
  "Summary": "Rain",
  "Longitude": 111.79,
  "Latitude": 42.07,
  "Elevation": 1514.246,
  "Zip": 83237,
  "Hourly": [41, 41, 41,  41, 41, 41, 42, 44, 44, 46, 49, 51, 55]
 },
 "Greenville": {
  "City": "Greenville",
  "State": "SC",
  "High": 72,
  "Low": 51,
  "Temp": 55,
  "Precip": 45,
  "Wind": "8",
  "Direction": "SW",
  "Gusts": "15-17",
  "Summary": "Thunderstorms",
  "Longitude": -82.4,
  "Latitude": 34.85,
  "Elevation": 294.437,
  "Zip": 29601,
  "Hourly": [55, 55, 56, 57, 57, 57, 59, 59, 59, 60, 61, 63, 64]
 }
}
